題目,答案
何謂暫停融資融券?,可以了結融資融券部位，不可新增融資融券部位
下列何者「非」為公司治理評鑑構面?,優良之財務績效表現
證券公司與證券金融公司簽訂何種契約以代辦有價證券融資融券?,代理契約
證券商從事具有股權性質之投資，其轉投資總金額不得超過證券商淨值多少？,0.4
乙公司因召開股東常會辦理停止過戶，依現行規定，於停止過戶前須停止融券賣出幾日？,4
股票上市對公司有那些利益？,其他3個選項皆是。
投資人需年滿幾歲才可開立信用帳戶？,20歲
下列何種行業的存貨評價方式較適合採用個別認定法？,汽車經銷商
福隆書店售出圖書禮券，並收到現金，此一交易對財務報表的影響為：,負債增加
證券商應提撥特別盈餘公積比例為：,0.2
臺灣企業在美國發行的存託憑證稱為：,ADR
證券商受託於證券集中交易市場買賣有價證券，其向委託人收取手續費之費率由何者向主管機關申報核定之？,臺灣證券交易所
臺灣證券交易所之章程所定之設立宗旨，下列敘述何者有誤？,推升台股股價
某投顧老師放假消息，鼓吹多人買某支股票以拉抬自己手中股票價格？,涉及操縱股價
何種債券不在我國集中市場交易？,國庫券
證券交易所提存之賠償準備金，依法應如何運用？,其他3個選項皆是
下列何者非為借券人委託證券商為定價、競價交易借券申報之適格擔保品?,黃金
下列各項何者不應包含於不動產、廠房及設備之取得成本？,延遲付款之利息
對於財務風險與營運風險，下列敘述正確的有幾項？　甲、營運風險係指營業利益波動之風險，而財務風險係指企業無能力負擔財務成本之風險　乙、生產要素的價格愈不穩定，營運風險愈高　丙、固定成本愈高，營運風險愈高,3項
下列何者對普通股東最為有利？,總資產報酬率大於舉債成本且負債比率高
投資人辦理基本資料之戶籍地址變更，下列何者正確?,以非當面方式申請辦理變更，應提供具詳細記事之新式戶口名簿影本或其他有相同效力之證明文件
證券商應有最低之資本額，此所稱資本，係指下列何者？,已發行股份總額之金額
推薦證券商之股票上櫃買賣者，僅需具備哪種資格？,證券承銷商
下列何者會影響盈餘品質？,其他3個選項皆會影響
證券商辦理有價證券買賣融資融券，其融資利率及融券手續費之標準，由下列何者訂定？,證券商自行訂定，並報請金融監督管理委員會備查
國庫券是由下列哪一機構發行用以募集資金？,中央政府
存貨過多、存貨週轉率過低，可能造成企業何種損失或風險？,其他3個選項皆是
違約風險又稱：,信用風險
淨值為正之公司，舉借長期負債購買不動產、廠房及設備將使負債比率：,提高
若資本市場之證券價格已充分反應了所有已經公開之資訊，則此市場屬於何種效率市場的假設？,半強式
有關零股交易敘述（不包括創新板），以下何者正確？,應以限價為之，且限當日有效
股份有限公司董事選任後，應向主管機關申報選任當時所持有之公司股份數額，但董事於任期中轉讓持股超過二分之一時，即生下列何種情形？,當然解任
經營二種以上證券業務者，其營業保證金應如何計算？,依經營種類併計之
財務槓桿指數大於1，則：,舉債經營有利
我國企業流動比率普遍偏低之可能原因為：,其他3個選項皆是
在何種成本流動假設之下，依永續盤存制與定期盤存制所算出的存貨價值會相同？,先進先出法
公司發放現金特別股利，則：,總資產報酬率增加
在K線型態中，先陰後陽的相逢線（Meeting Lines）可視為：,底部訊號
證券商於解散或部分業務歇業時，應由下列何單位陳明事由，向主管機關申報之？,董事會
「證券交易法」規範何種型態之公司？,股份有限公司
委託人信用帳戶之整戶擔保維持率低於多少時，證券商應即通知委託人就各該筆不足擔保維持率之融資融券，於通知送達之日起二個營業日內補繳融資自備款或融券保證金差額？,1.3
發行公司辦理增資案之申報，其增資計畫是否合理、可行及必要，是指哪一類專家評估？,承銷商
櫃檯買賣證券商與客戶辦理結算款項之收付，以下何者得以其指定之保管機構設立存款帳戶，以匯撥或匯款方式辦理給付結算？,其他3個選項皆是
關於本益比(price to earnings ratio)，下列敘述何者正確？,其他3個選項皆是
下列有關證券商之敘述，何者錯誤？,證券商得投資於其他證券商
下列何者非OBV的分析論點？,投資者對股價評論愈不一致，成交量愈小
證券商辦理財富管理業務，所指高淨值客戶，係指？,新台幣三千萬元以上財力之自然人
對長期債權人而言，下列何者最為有利？,利息保障倍數增加
其它條件不變，對投資人而言本益比（P/E Ratio）通常：,愈小愈好
受託契約經解除或終止後，委託人連續幾年以上無交易紀錄，且集保存摺無餘額者，其受託契約經終止後，證券商相關資料保存期間得予縮短?<,5年
下列何者屬「公開收購公開發行公司有價證券管理辦法」所稱公開收購之有價證券？,已依證券交易法發行之公開發行公司之股票
普通股權益與流通在外普通股股數之比，可瞭解股票的：,帳面金額
哪一句話可以說明風險分散的道理？,不要將雞蛋放在同一個籃子裡
證券商於完成或更新防制洗錢及打擊資恐「風險評估報告」時，應將風險評估報告送哪個主管機關(單位)備查？,金管會
下列敘述何者正確？,已宣告未發放之現金股利為公司之流動負債
發行人募集與發行有價證券，且屬可縮短申報生效期間之條件，則其申報生效期間為幾個營業日？,7個
下列何者「不」是機構投資人可以落實盡職治理精神的行為?,無理由的買進或賣出股票
一般而言，投資下列金融工具的風險狀況依序為何？甲.短期公債；乙.股票；丙.認購權證；丁.長期公債,丙＞乙＞丁＞甲
自己不懂股票投資，可請誰代為操作股票？,請具有全權委託資格的機構代為操作
"知本公司X2年淨利6,000,000，流通在外普通股1,200,000股，年底每股市價30，則本益比為若干？",6
以下何者為外國公司來台第一上市公司？,矽力-KY
臺灣集中市場何種交易没有漲跌幅度限制？,初次上市普通股掛牌首五日
盤中零股交易於何時進行第一次撮合?,0.381944444444444
興櫃股票之最低成交單位為多少股？,一股
影響金融市場中所有資產報酬的事件，其衝擊屬於全面性的風險為：,購買力風險
將信用條件由1/10，n/30改為1/15，n/30，假設其他因素不變，則應收帳款週轉率將：,降低
證交所提供之交易資訊有傳輸中斷情事時，證券商可否請求賠償？,不得向證交所請求賠償
市場區隔理論認為到期收益率曲線會呈現何種形狀？,視各種期限債券個別之供需力量而定
何者並非強式效率市場檢定中，公司內部人員檢定之對象？,基金經理人
目前為降低發行人公開說明書製作之成本，引進他國制度而有何種型式？,簡式公開說明書
證券經紀商受託買賣，於成交後應於何時通知客戶？,成交當日
依據標準普爾（S&P）公司對債券信用評等的等級，A等級與AA等級何者違約風險較高？,A
什麼人適合投資ETF？,其他3個選項皆是
有價證券借貸之競價交易，其升降單位為：,0.001
對於從事內線交易犯罪所得金額達新臺幣一億元以上者，其法定刑最低處下列何年限之有期徒刑？,7年
下列有關流動比率之敘述，何者不正確？,以流動資產償還流動負債，流動比率一定不變
我國證券集中交易市場內有價證券之買賣分三種，下列何者為非？,特許交割之買賣
有關選擇權買賣雙方的權利與義務，何者不正確？,買方須繳交保證金
證券商108年4月份「受託買賣業務人員人數」為？(提示：可利用證交所網頁查詢),15094人
下列何者如取得或出售股票，公司應於每月15日前，彙總內部人持有股數變動之情形向主管機關申報？,公開發行公司之經理人
鉅額交易之競價方式?,配對交易、逐筆交易皆是
下列上櫃有價證券得為融資融券之條件何者有誤？,每股市場成交收盤價格在票面之上
第一次上市股票上市滿半年，每股淨值在票面以上，且無下列何種情形者，得核准其為融資融券交易股票？,股價波動過度劇烈
本公司提供「公布注意交易資訊」標準累計次數異常有價證券資訊之網站?,本公司官網
下列何者非屬「證券交易法第一百五十七條之一第五項及第六項重大消息範圍及其公開方式管理辦法」中規定的重大消息公開方式?,在上市公司官方網站公布
一般而言，「股價淨值比」與「本益比」兩者關係呈：,正相關
應對企業財務預測負最終責任的是：,企業最高管理當局
有關不限用途款項借貸業務，其中就在途交割債權作為擔保品的敘述何者錯誤？,證券商可以在T十0完成交割。
下列何者非證券經紀商於集中交易市場不履行交付義務時，可運用代為清償之資金？,證券交易所營業保證金
現金週轉率係指下列何項比率？,銷貨收入淨額對平均現金之比率
目前當沖證交稅率為多少？,千分之1.5
"菁桐咖啡每杯售價為35，變動成本每杯為7，固定成本每月約為56,000，如果預期下個月銷貨會成長42,000，請問其淨利預期會增加多少？",33600
證券商受領證券業務許可證照後，應於多久期間內開始營業，否則主管機關得撤銷其許可？,3個月
ESG涵蓋內容不包含以下何者？,政府保護
證券商申請合併其他證券商，合併前六個月之自有資本適足比率應達多少比例？,2
逐筆交易實施後，進入瞬間價格穩定時，市價委託處理方式，以下何者正確？,本公司自動刪除市價ROD單，並回報券商
集中交易市場存託憑證買賣之一個交易單位為何?,一千單位
下列有關指數投資證券(ETN)之敘述，何者為非？,無到期日
下列哪一行業在有價證券申請上櫃前，必須先取得目的事業主管機關之同意函，櫃買中心始予受理？,其他3個選項皆是
以下關於處置措施之敘述，何者正確?,股票處置的內容網路可以查得
公司清算完結時，清算人應於幾日內，造具清算期內收支表、損益表、連同各項簿冊，送監察人審查並提請股東會承認？,15日
下列何者非證券經紀商得函報撤銷委託人違約案件之合理原因?,因委託人同時為證券商辦理財富管理業務之客戶
為促進我國與其他國家證券主管機關之國際合作，政府或其授權之機構得與外國政府、機構或國際組織，得就數種事項簽訂合作條約或協定，下列何者為非？,引渡違反證券交易法之行為人
發行人內部控制制度之設計或執行有重大缺失者，證券主管機關得退回其下列何種案件？,發行具股權性質公司債對外公開承銷案件
當短天期移動平均線由長天期平均線下方突破至上方，而且兩條長、短天期平均線同時上揚時稱為：,黃金交叉
公司內部人對公司之上市股票，於取得後六個月內再行賣出，或於賣出後六個月內再行買進，因而獲得利益者，公司應請求將其利益歸於公司。此一請求權，自獲得利益之日起幾年間不行使而消滅？,2年
股份有限公司股息及紅利之分派之標準，除公司法另有規定外，下列敘述何者錯誤？,以各股東之需要為準
對整體經濟的敏感度低於一般產業平均數的產業，被稱為：,防禦性產業
公開發行公司不得在股東會以臨時動議提出之議案事項，不包括下列何者？,請求監察人說明財報疑義
證券經紀商受投資人委託買賣上櫃股票，不可接受何種委託？,議價委託
債券價格下跌的原因可能為：,市場資金大幅吃緊
下列敘述何者錯誤？,證券商對於客戶存放之有價證券可自行保管
上市上櫃公司宜對其產品與服務提供消費者何種保護措施?,提供透明且有效之消費者申訴程序
證券商辦理融資融券業務，取得融券賣出價款及融券保證金，不得為下列何項之運用？,從事放款業務
無擔保品的公司債稱為：,信用債券（Debenture）
請問依據「證券交易法」規定之私募對象中「符合主管機關所定條件之自然人、法人或基金」，主管機關所定條件不包括下列何者？,一般公眾
有關新股櫃檯買賣的規定，下列敘述何者為正確？,其他3個選項皆是
下列哪項產業，最可能被歸類為景氣循環產業？,營建業
應付公司債溢價之攤銷，將：,減少利息費用
金管會於2023年3月發布「上市櫃公司永續發展行動方案(2023年)」，何者非其四大主軸?,「營運」
鉅額買賣價格之申報，升降單位為：,0.01元
某上市公司舉行股東會，股東可用何種方式行使表決權?,其他3個選項皆是
下列敘述何者不正確？,債券市場價格與面額呈反向關係
所謂相互投資公司，為公司與他公司至少相互投資各達對方資本額之多少者，稱之？,三分之一以上
當股價向下跌破箱形（Rectangle）整理的區間時，成交量配合放大，則股價通常會：,繼續下跌
若要查詢上市公司發布之永續報告書，可於下列哪個平台取得?,其他3個選項皆是
證券商業務人員類別及其職務之配合，下列敘述何者有誤？,高級業務員負責證券業務之主管、內部稽核或主辦會計之職務
"中華公司於X9年7月1日發行股票2,000股，每股面額10取得一機器設備，經查該日該項設備之帳面金額為25,000(原成本40,000－累計折舊15,000)，市價為$30,000，則中華公司應認列此資產：",30000
下列標題哪項是臺灣證券交易所「投資人知識網」的漫畫電子書標題?,其他3個選項皆是
股份有限公司為發行公司債所設定之抵押權或質權，法律有何規範？,得由受託人為債權人取得，並得於發行公司債前先行設定
存貨計價若採先進先出法（FIFO），當物價上漲時，會造成：,成本偏低，毛利偏高
證交所依共同責任制交割結算基金特別管理委員會決議，暫停證券商買賣時，應同時函報哪一個單位？,金融監督管理委員會
下列關於證券經紀商應於辦理公司登記後提存營業保證金之敘述，何者正確？　甲、原則為新臺幣五千萬元；乙、僅經營股權性質群眾募資業務者為新臺幣一千萬元；丙、僅經營基金受益憑證買賣及互易之居間業務者為新臺幣一千萬元,甲、乙、丙
會計師辦理財務報告之查核簽證，若發生錯誤或疏漏，主管機關得視情節之輕重，為何種處分？,其他3個均可為之
發行人依「證券交易法」或「公司法」之規定首次辦理公開發行者，應採下列那一種方式？,屆滿12個營業日申報生效制
上市公司董事長與總經理為同一人或互為配偶或一親等親屬者，應揭露其原因、合理性、必要性及因應措施，有關因應措施下列何者為非？,減少董事席次
下列有關資券互抵當日沖銷之敘述，哪一項不正確？,委託人不欲為資券相抵餘額交割時，須於成交當日收盤後提出書面聲明
哪一項非我國景氣領先指標？,失業率
財務槓桿愈高，則其每股盈餘變動風險：,愈大
下列哪一個項目通常被分類在流動資產項下？,存貨
依「證券交易法」之規定，公開收購人與其關係人於公開收購後，持有被收購公司已發行股份總數超過該公司已發行股份總數達多少時，得以書面請求董事會召開股東臨時會？,百分之五十
淨值為正之企業，收回公司債產生損失，將使負債比率：,不一定
有關委託人開立信用帳戶資格，下列何者錯誤？,投資人年滿18歲
道氏理論中，告訴投資人主要的市場趨勢方向，是以下列何者來表達？,指數
小何以每股20元買進1張普通股，並於3個月後以每股23元賣出，期間並收到現金股利。若小何投資該普通股之報酬率為25%，則現金股利應為：,2元
證券商辦理有價證券買賣融資融券，對每種證券之融資總金額，不得超過其淨值為何？,0.1
央行調降存款準備率，則下列敘述何者正確？,貨幣乘數(money multiplier)變大
下列何種情況較適合採用毛利法估計期末存貨價值？,帳冊資料不全時
一般而言，目前證券商最主要之營業收入項目為？,經紀手續費收入
石城公司採定期盤存制，依先進先出法計算存貨與銷貨成本。該公司流動比率大於1，若於通貨膨脹期間，於期末賒購一批存貨，則下列何項一定會發生？,流動比率減少
以下關於封閉型與開放型基金的敘述，何者為非？甲.封閉型基金以淨值交易；乙.封閉型基金的規模不會改變，開放型則會；丙.封閉型基金可轉型成開放型基金；丁.封閉型基金可向基金公司贖回,甲、丁
繼承人欲查詢被繼承人之上市櫃（興櫃）股票餘額可洽詢哪個單位辦理？,各地區國稅局及集中保管結算所
為什麼要禁止內線交易，「不」包括哪個目的？,防範公司資產遭掏空
共同比（Common-size）財務報表中會選擇一些項目作為100%，這些項目通常包括：　甲、總資產；乙、權益；丙、銷貨總額；丁、銷貨淨額,甲和丁
有價證券之交易經監視業務督導會報決議採行處置措施者，其於處置措施執行前與處置期間所發布之交易資訊日數為何?,不再納入處置日數之計算基數
創新板的英文簡稱是甚麼？,TIB
公告快易查網站(ezSearch)揭露之資訊為何?,上市(櫃)公司公告資訊
其他條件相同，交易不活絡的股票，投資人可接受的本益比：,較低
下列何者不影響營業利益率？,認列處分機器設備損失
經證交所列為處置證券，並以人工管制之撮合終端機執行撮合作業者，該撮合作業約幾分鐘撮合一次？,5分鐘
編製現金流量表時，下列哪一項交易不是投資活動？,購買三個月到期之國庫券
以發行股票償還長期負債會使負債比率：,降低
股份有限公司非經下列何者之決議，不得變更章程？,股東會
投資人張小姐欲從事融資融券交易，請問下列有關信用交易之敘述何者正確？,簽訂融資融券契約開立信用帳戶
現行法禁止內線交易之內部人，不包含下列哪一個？,檢查人
公司如果連續二年虧損，雖有健全之營業計畫書，則仍不准用下列何者方式增資？,資本公積轉增資
中央銀行的公開市場操作不會影響下列哪項？,公債發行量
依現行「證券交易法」之規定，獨立董事在任期中轉讓超過選任當時所持有之公司股份數額二分之一時，對其職務有何法律效果？,並無任何影響
禁止利用內線消息買賣之立法意旨為：,基於公平原則，求投資人之立足點平等
經營有價證券之行紀或居間業務的證券商為：,證券經紀商
下列何者為資訊安全的要素(特性)？,其他3個選項皆是
證券交易所提存之賠償準備金，得為下列何項之運用？,購買政府債券
證券商稅後盈餘所提列之特別盈餘公積，得為以下何項行為？,填補公司虧損
下列哪一項ESG資訊，屬於ESG裡的社會構面(S)?,員工薪酬
下列何者係在分析企業資產使用之效率？,銷貨收入淨額／平均資產總額
公開說明書有虛偽記載時之刑事責任為何？,一年以上七年以下有期徒刑，得併科新臺幣二千萬元以下罰金
在其他條件相同下，投資人對於下列哪一種特別股的要求報酬率較高？,可贖回特別股
證券商之交割結算基金，基金特別管理委員會得視證券商之經營風險程度為下列何種處置？,增繳交割結算基金
證券商從業人員之未成年子女於所屬證券商開戶，其帳號應為何者？,98帳戶
以下何者「不是」董事會運作良好的指標？,董事實際出席董事會之比率很低
證券商相互間發生有價證券交易之爭議時，應採行哪一種解決方式？,強制仲裁
除等價成交系統外，櫃檯買賣債券交易之價格有無漲跌限制？,無漲跌停限制
股市新手小八一時疏忽沒有在交割截止時點前將足夠款項匯入交割帳戶，導致被證券商申報違約。請問以下有關違約交割何者有誤？,小八只要在交割日當天收盤前補足價款，即可請證券商向證交所申請撤銷違約紀錄
下列上市公司之訊息何者最有可能構成「內線交易之重大消息」？,處分重大資產
證券商辦理有價證券買賣融資融券之契約書有效期限是多久?,三年
公開發行公司應將董事會之開會過程全程錄音或錄影存證，並至少保存幾年？,5年
哈特利想了解某上市公司的非擔任主管職全時員工薪資狀況，可從下列何處獲取相關資訊？,公開資訊觀測站
委託人申請開立信用帳戶所提出之財產證明所有人，不得為下列何者？,無連帶保證關係之朋友
下列何種報告書將非財務資訊與財務資訊結合？,整合性報告書
以定期定額方式投資股票及ETF有什麼樣的優點?,其他3個選項皆是
A公司內部人如知悉A上市公司明天將發布重大利多消息，下列何者為非?,明天消息在公開資訊觀測站公布後就可以買進A公司股票
"鳳林公司111年銷貨為300,000，銷貨成本為120,000，期初存貨為40,000，進貨為140,000，則銷貨毛利為何？",180000
投資者進行投資時，當可能最大報酬率與可能最低報酬率的差距越大時，表示風險：,越大
有關證券商經營受託買賣外國有價證券業務，對專業投資人規定之敘述，何者正確？,專業投資人應符合之資格條件，應由證券商盡合理調查之責任
豐華公司為出口商，若預期臺幣會貶值，在銷售價格不變下，則投資人對其每股盈餘預測：,上升
資產負債表中的流動項目，不應該包括以下哪一項？,非以再出售為目的進行購併其他公司而認列的商譽
「證券交易法」所謂之公開說明書，其應記載事項由何單位訂定之？,金融監督管理委員會
對證券商從事有關外國衍生性金融商品交易規範，下列敘述何者正確？,應向中央銀行許可或指定之國內外金融機構辦理交易
下列何者為公司使用財務槓桿有利時須滿足之條件？,舉債利率小於ROA
依現行「證券交易法」之規定，公司設置審計委員會者，其成員為何？,由全體獨立董事組成
投資者對投資風險所要求的較高報酬率稱為：,風險貼水
證券暨期貨業者之內部控制制度，至少須包含以下何者之控制作業？,其他3個選項皆是
證券經紀商之綜合交易帳戶於處置期間委託買賣該有價證券，由證券商對何者收取一定比例或全部買進價金或賣出證券,各代表人（受任人）項下委託人達標準者
國內證券市場中所稱之三大法人係指下列何者？　甲、壽險公司；乙、證券投資信託公司所經理之證券投資信託基金；丙、外資法人；丁、證券自營商；戊、勞退基金,乙、丙、丁
何者為貨幣市場證券？,三個月期的國庫券
在計算投資者投資報酬率時，若用實質報酬率法計算報酬，則其採用的觀念係為：,平減物價水準後的報酬
為促進我國普惠金融與金融科技發展，下列何者可依金融科技發展與創新實驗條例申請辦理證券業務創新實驗?,其他3個選項皆可進行申請
一般散戶自然人若欲於次級市場買進寶島債券，可於下列哪個時點透過哪個管道為之？,14:00透過證券商營業處所議價
申請上市公司之設立年限，應依公司法設立登記至少：,已滿三年以上
下列那一項不是投資ETF可能的風險?,基金經理人選股不當之風險
會員制證券交易所對會員何一種行為課以違約金，並警告或停止或限制在集中交易市場買賣有價證券？,其他3個選項皆是
大大公司將舉行股東會，某甲已採電子方式行使表決權，但重新思考後已改變對其中一項議案的看法，某甲應如何變更其意思表示?,股東會開會2日前以原行使方式撤銷先前意思表示
有關新興科技之說明，下列何者正確？,對於社群媒體，應建立帳號權限管理機制，對發布內容進行控管與監視，並針對不適當言論及異常事件，進行通報或處置
ETN與ETF有何不同之處？,發行人
根據CAPM模式，一個公平定價的證券之貝它（Beta）係數：,其他3個選項皆有可能
當公司處於產業生命週期的初期，具有何項特質？,低股利發放率
公司債之發行，如由下列何者擔任保證人者，得視為有擔保之發行？,金融機構
請問在技術分析K線指的上影線最上端之股價價格為：,最高價
證券商經營期貨交易輔助業務者，於從事業務對客戶所生之損害，與委任期貨商負何責任？,連帶賠償責任
投資人申請查詢於各證券商開戶明細或證券交易資料，可查詢資料範圍包括：,其他3個選項皆是
在上升趨勢中，K線圖上出現高價跳空型態（High-price Gapping Play），即向上跳空缺口的陽線，表示行情可能：,繼續上漲
對非特定人為公開收購公開發行公司之有價證券者，應經何機關申報？,金融監督管理委員會
櫃檯買賣證券經紀商因執行受託買賣發生錯誤，須為買回、轉賣者，應如何處理?,於發生錯誤當日或次一營業日以錯帳處理專戶為之
下列何者為資本支出？,購入土地支付代書費
普通股股票須上市滿多久才可由證券交易所公告得為融資融券交易股票？,6個月
Z銀行為一家上市公司，甲、乙、丙3人因金融專業能力卓越在業界頗有聲譽而獲邀被選任為Z銀行的獨立董事，並由其3人組成審計委員會。下列敘述何者正確？,若審計委員會就內部控制制度有效性之考核事項為決議時，應有審計委員會全體成員二分之一以上之同意，始為有效之決議
權證流動量提供者之券商於下列何種時機仍需報價？,標的證券股價波動過大
下列哪種產業較不屬於利率敏感產業？,食品業
一般公司經常性的法律顧問費用是：,管理費用
下列何者非為創新板上市公司股票之處置方式？,分盤交易
下列何者「非」機構投資人進行盡職治理行為之資產類別?,其他3個選項皆是
何者不屬於衍生性金融工具？,公司債
6月8日投資人甲信用帳上有融資A、B、C股票，個筆擔保維持率分別為125%、128%、132%，整戶擔保維持率為128%，當日證券商郵寄發出A及B之追繳通知，假設次日送達，每日皆是營業日，6月10日期限到時，客戶未補繳，但是整戶擔保維持率提升至132%，請問6月11日早上應處分之股票？,不應處分
有關盤後定價交易之時間，下列何者正確？,14:00～14:30
在間接法下折舊是加在稅前淨利上，以計算來自何種活動之現金流量？,營業
無風險資產的貝它（Beta）係數為：,0
證券商相互間所生爭議應採仲裁程序，則下列選定仲裁人之程序何者正確？,當事人事先以書面約定
衡量資產運用效率的指標為：,銷貨收入÷營運資金
盤中零股交易預計於113年12月2日縮短撮合間隔時間至幾秒鐘?,5秒鐘
下列有關仲裁判斷之敘述何者錯誤？,法院確定判決的效力優先於仲裁判斷書之效力
客戶請求將其帳戶之有價證券餘額轉帳至設於他參加人帳戶時，應向哪一機構提出申請？,參加人
證券集中交易市場撮合成交時，買賣申報之優先順序原則為：,較高買進申報優先於較低買進申報
櫃檯買賣證券經紀商接受客戶以電話委託者，應同步錄音，對無爭議之電話錄音應至少保存多久期限？,一年
道氏理論雖然對股市長期市場變動指明了方向，但不能指示下列何者？,應購買何種股票
下列何者不是普通股的特性？,有優先清償權
小張想買權證，他問營業員權證可連結之標的有哪些，結果營業員說錯了哪項？,興櫃公司股票
依「證券交易法」之規定，得請求懲罰性民事賠償的是：,內線交易行為
竭盡缺口（Exhaustion Gap）通常出現在一波行情（無論上漲或下跌）的：,尾聲
公開發行公司之財務報告應經特定人士簽名或蓋章並出具財務報告內容無虛偽或隱匿之聲明，以下何人不是此指之特定人士？,監察人
經評估客戶單日買賣額度達新台幣多少元以上者，證券商應請其出具或提示相關資力證明文件憑核，並留存影本或抄錄相關資料備查？,500萬元
採集合競價期間，可用何種方式下單?,限價且當日有效
目前可上傳之Ixbrl檔案格式為何,HTML
甲公司將出售長期投資之收入記為營業收入，為：,盈餘操縱
下列何者為效率市場的定義？,市場能夠迅速正確反應所有攸關資訊，所有投資者將無法利用任何資訊賺取超額的報酬
有關系統開發及維護之規定，下列敘述何者正確？,應使用具有合法版權之軟體
可用於支付利息之盈餘係指企業之：,稅前淨利加利息費用
有關賣出股票所需繳交之證券交易稅敘述，以下何者正確？,賣出時以賣價計算
下列關於V形反轉（V Reversal）的敘述何者不正確？,趨勢的變動是緩慢而漸進的
在何處查詢投資理財節目異常推介個股？,臺灣證券交易所網站首頁>市場公告>投資理財節目異常推介個股
下列何者係影響財務報告品質的因素？　甲、管理階層對於會計方法之選擇　乙、會計的各種規範　丙、審計人員的教育程度　丁、會計估計發生之誤差,甲、乙、丁
於集中交易市場買賣在我國上市之外國股票使用之貨幣，以何者為準？,外國發行人向證交所申請上市之幣別
小張問一般投資人買賣權證與買賣股票之不同處，下列哪項是錯誤的？,另行開立不同帳戶
某公司債券已在櫃檯買賣，如其再發行債券時，應於開始櫃檯買賣日之前幾個營業日內，檢具櫃檯買賣申報書及有關書件，向證券櫃買中心申報？,五個營業日
得為融資融券交易之上櫃股票，其股價波動過度劇烈者，證券櫃檯買賣中心得為如何之處置？,其他3個選項皆是
投資人曾因證券交易違約，未結案者，須滿幾年始得再行開戶買賣？,5年
證券商為自行辦理有價證券買賣融資融券業務，何者為非？,須與證金公司簽訂融資融券之代理契約
現金流量為固定支出之倍數的計算公式為何？,（營業活動現金流量+所得稅支付數+利息支付數）÷固定支出
證券金融事業違背對證券集中交易市場之交割義務時，如何處理？,由證交所專案報請金融監督管理委員會處理
發行公司為變更公司名稱召開股東臨時會，已融券者應於幾個營業日內進行回補?,不須還券回補
一般所稱的債券殖利率是指下列何者？,到期收益率
財務彈性是指：,企業運用其財務資源以因應環境變動的能力
一般而言，投資人在選擇投資計畫時：,報酬率最低的計畫通常風險程度最低
以下哪一項沒有美化盈餘的效果？,應收帳款讓售（Factoring）
依「證券交易法」規定，受罰金以上刑之宣告者，其執行完畢、緩刑期滿或赦免未滿幾年者，不得充任證券商之董事、監察人或經理人？,3年
所得稅費用應列為：,本期稅前淨利之減項
下列有關「技術分析」的敘述中，何者為錯誤？,如果股價報酬率為「隨機漫步」，使用技術分析才有意義
內線交易情節重大者，法院得依善意從事相反買賣之人之請求，將內線交易賠償額提高以茲懲罰，所謂「善意」意指？,不知內部重大影響股票價格之消息者
一般而言，風險愛好者所投資之投資組合，其貝它（Beta）係數為：,大於1
公開發行公司停止辦理股票過戶之時點為何？,其他3個選項皆是
有關「公開收購」，下列敘述何者正確?,收購之有價證券限於公開發行公司所發行之有價證券
比較下列上市與上櫃股權分散之審查條件，何者敘述正確？,"上市上櫃皆有股權分散要求，前者係記名股東在1,000人以上"
下列何者非為證券交易法所稱之有價證券?,商業本票
下列何者較不受中央銀行公開市場操作的影響？,貨幣流通速度
貨幣供給中，M2與M1的組成成份差異為以下何者為是？,定期存款
當公司舉債過多時，公司營運會面臨較大的風險，以致投資報酬產生不確定性，此類風險稱之為：,財務風險
有關不動產、廠房及設備使用期間支出之處理，下列敘述何者正確？,其他3個選項皆正確
何者為會計師對公開發行公司年度財務報告之查核意見，無須載明其理由？,無保留意見
下列何者較不適合作為分析經營效率的指標？,銷貨毛利率
證券商財務報告之電子書可於下列哪個網站查詢及下載？,公開資訊觀測站
就上市公司對子公司內部控制之監督與管理，下列敘述何者錯誤？,上市公司稽核人員得兼任其子公司稽核人員
某營業員接到客戶鉅額買進委託，要以參考基準價格下兩檔買進某電子股500張，若參考基準價格為50元，請問營業員應填寫之委託報價為：,49.98元
投資人從報紙看到政府將進行重大公共政策，因此大量買進營建類股，這種行為？,不違法
下列何項作法可增加流動比率(假設目前為1.3)？,以發行長期負債所得金額償還短期負債
國內現行當日沖銷交易之股票課徵稅率為?,1.5‰
不限用途款項借貸有關擔保品融通之計算標準，何者為錯？,地方政府公債，按其面額40% 計算
"若漢本公司的速動資產為10,000，流動負債為20,000，現有一筆交易使存貨及應付帳款各增加$5,000，則其速動比率應為何？",0.4
申請股票上市之投資控股公司，應符合下列哪些要件？,其他3個選項皆是
證券集中保管事業保管有價證券之方式為何？,混合寄託之保管
設某上櫃股票之每股市價為三十元，其申報買賣之最低成交單位為何？,五分
在K線型態中，長黑之後收十字線的孕育十字線（Harami Cross）可視為：,底部訊號
證券商相互間有價證券交易之爭議，一造當事人未依法進行仲裁而提起訴訟時，應如何處理？,法院應依他造之請求駁回其訴
證券商的營業櫃台下列何人不得進出？,客戶
上市公司總經理知悉公司的重大利多消息，等消息一公開，就馬上買入自家公司股票。這種行為？,涉及內線交易
財務報表係假設公司繼續經營，故應按何基礎入帳？,取得成本
下列何者為鉅額逐筆交易之交易時段？,9:00~17:00
有關證券交易爭議之仲裁，下列敘述何者正確？,其他3個選項皆正確
試問公開發行公司除經主管機關核准者外，董事間應有如何比例之席次，不得具配偶或二等親以內之親屬關係？,超過二分之一
證券承銷商辦理有價證券之承銷，現行有幾種配售方式？,四種
在波浪理論中，漲升波與修正波分別有幾個？,5、3
池上公司宣告股票股利，宣告前之流動比率為2，則宣告後：,保留盈餘減少
股市名嘴在社群媒體上推薦分析特定個股利多消息，建議會員買進，以下何者正確?,若散布不實消息或意圖影響市場，可能被移送司法單位偵辦
我國資本額達新臺幣100億元之上市上櫃公司之合併財務報告子公司，應自何時起完成溫室氣體盤查之確信資訊揭露？,2027年
已知富源公司X7年度速動比率0.8，流動比率1，則該公司企業血壓為：,0.2
下列有關庫藏股的敘述，何者正確？,庫藏股會影響公司的每股盈餘
股份有限公司設立時，第一次發行股份總數，至少應達全部股份總數之多少比例？,無限制規定
動能投資策略其假設投資人可以因為市場反應不足而獲得超額報酬，其策略類似於：,追漲殺跌
有關資訊安全之機密性，下列敘述何者正確 ？,需要經過授權後，始可取得相關資訊
證券商依規定必須每月幾日以前申報資本適足比率資料？,十日
為防制內線交易，下列何者「不」是臺灣證券交易所所做的努力?,舉辦員工運動會
有關「公司法」之公司，下列敘述何者正確？,公司以其本公司所在地為住所
具備下列何項資格可為推薦股票上櫃之證券商？,具證券承銷商及櫃檯買賣自營商資格
下列何項在資產負債表中屬於「現金及約當現金」之一部分？,一年期定期存單
投資資訊中心提供之下載資料檔案格式不包含下列何者,WORD
有關證券經紀商手續費敘述，以下何者正確？,買進與賣出時各計算一次
仲裁庭認定仲裁達於可為判斷之程度者，依當事人聲明之事項，應於幾日內作成判斷書？,10日
何者為投資本國政府債券所會面臨的主要風險？,利率風險
甲上市公司董事長王先生利用職權掏空公司資產的行為，何者正確？,掏空公司資產是經濟犯罪的一種，非屬內線交易
證券金融事業辦理對證券商之轉融通，指：,證券商向證券金融事業辦理轉融通資金或有價證券
何者不是持有某公司債券的系統風險?,發行公司的財務風險
對從事有價證券之承銷、自行買賣及經紀業務之自律規則，係由下列何者單位負責擬定？,證券商業同業公會
稱轉融通者，指下列何者向證券金融事業辦理轉融通資金或有價證券？,證券商
依法規定下列何者應列席董事會報告稽核業務?,稽核主管
股份有限公司董事之報酬，未經章程訂明者，得以何種方式議定？,由股東會議定
關於委託人融資融券擔保維持率，下列哪一項敘述正確？,融資擔保品證券市值下跌，會使擔保維持率下降
下列何者為綜合證券商業務經營範圍？,承銷、自營、經紀業務
股份有限公司之股東常會，每年至少應召集幾次？,1次
證券商經營櫃檯買賣，下列敘述何者正確？,兼具證券自營商及經紀商者，於每次買賣時之書面文件區別自行或代客買賣
其他條件相同，在通貨膨脹期間，投資人可接受的本益比：,較低
下列何者不是衡量風險的指標？,平均數
何謂「風險規避者」？,即財富的邊際效用大於0，而邊際效用隨著財富的增加而遞減
下列何者不是股份有限公司之解散事由？,公司轉投資逾越公司章程之規定
下列何種情形，上市(櫃)公司毋須委請承銷商出具評估報告？,補辦公開發行
應付公司債折價於資產負債表中應列為：,負債之減項
證券金融公司某種證券有價證券發生差額時，應於何時起向該種證券所有人標借？,次一營業日9:00
存貨週轉率愈高，則：,有過時存貨的機會愈小
某公司今年度每股盈餘5元，表示其可發放之每股股利為：,不一定
為鼓勵企業支持文化藝術活動並促進文化永續發展，上市上櫃公司宜經由的支持模式，何者為非?,用愛發聲
高登主廚的「是chef」餐飲集團目前為第一上櫃公司，近日高登主廚考慮要申請第一上市，請問下列何者非為第一上櫃轉第一上市之相關規定?,證交所還是必須召開審議會審核其第一上市申請
證券承銷商出售證券時，負有代理發行人交付何種文書之義務？,公開說明書
以下敘述何者正確？,股份有限公司之董事與公司之為委任關係，故董事應負之責任，除善良管理人之注意義務，尚有忠實義務
在何網站查詢公布處置股票資訊？,臺灣證券交易所網站首頁>市場公告>公布處置股票
投資人想要找上市公司除權息行事曆，需要到投資資訊中心的哪一個頁面,市場公告與服務
證券經紀商與證券交易所因使用市場契約所生爭議，得以下列何方式處理？,應強制仲裁
下列何者會影響盈餘品質？,其他3個選項皆會會影響
電話委託買賣股票時，可透過何種管道委託買賣？,證券公司電話
申請以科技事業上市之發行公司，應經何者出具其係屬科技事業之明確意見書？,該事業之中央目的事業主管機關
下列何項不可能會出現在企業的綜合損益表？,保留盈餘
下列有關短線交易規定之敘述，何者錯誤？,短線交易的期間為三個月
當日現券賣出成交後，未完成反向買進，致無法完成當日沖銷交易時，投資人可透過哪一種方式完成交割?,其他3個選項皆是。
依「發行人證券商證券交易所會計主管資格條件及專業進修辦法」規定，證券商會計主管每年應參加經主管機關認定之進修機構所舉辦之會計、審計、財務、金融法令、公司治理、職業道德及法律責任等相關專業訓練課程幾小時以上？,12小時
以下哪項資訊無法在ESG數位平台取得？,財報
自行利用技術分析，買賣股票獲利，這種行為？,不違法
公司制證交所之董事、監察人至少應有多少是由主管機關指派非股東之有關專家任之？,三分之一
下列何者最不可能是兩檔股票報酬率之間的相關係數(coefficient of correlation)？,1.27
證券商委託人月成交金額達5千萬元以上者，除專業機構投資人與透過保管機構進行款券保管、交易確認及辦理交割者外，應抽查多少樣本數，並以掛號向委託人戶籍地詢證?<,至少20%或20戶
集中交易市場之買賣，採何種方式？,電腦自動交易
臺灣各類型ETF每日的漲跌幅度限制何者為是？,現行2倍槓桿型台股ETF之漲跌幅度限制為±20%
"X9年基隆綜合損益表列報之利息費用40,000，所得稅費用60,000，淨利240,000，同年之資產負債表顯示總資產2,400,000，流動負債300,000，非流動負債為900,000，則財務槓桿指數為何?<",1.77
下列敘述何者正確？,發起人之股份非於公司設立登記後，不得轉讓
證券金融事業依標借、議借程序所取得證券之數量仍有不足時，應於當日之何時委託證券商在證交所辦理標購？,14:30前
內線交易情節重大者，法院得將損害賠償義務人之賠償額提高三倍，其前提要件為何？,須有損害賠償請求權人之請求
目前證券金融事業得經營下列哪些業務？,其他3個選項皆是
下列何者「非」為公司治理評鑑辦理目的?,引起企業互相檢舉
何者現象發生時，政府將會採取寬鬆的貨幣政策？,綠燈轉為黃藍燈
衡量風險時，需考慮到多方面的風險來源，如石油危機、美中貿易戰即屬於：,市場風險
關山公司應收帳款收現時，則（考慮立即影響）：,現金對固定支出的保障比率上升
未上市公司持股一千股以上之記名股東人數未達三百人者，於現金發行新股時，原則上應提撥發行新股總額之多少比率，對外公開發行？,百分之十
對獲利不佳的資產股而言，下列何種評價方法較適當？,每股股價除以每股重估淨值
大同發現市場上有許多以台積電為標的的認購權證，如果在其他情況相同條件下，距到期日越長，認購權證的價格為何?,越高
是否每一家證券商都可以辦理ETF的申購/贖回？,否，必須符合證交所規定之資格並與ETF發行人簽約的參與證券商才可辦理
下列何者不是權益證券（Equity Securities）？,公司債
下列何者並非證券商得經營之業務？,提供集中交易之場所及設備
於編製合併報表時，需將子公司沖銷後之普通股股東權益餘額轉列：,非控制權益
某公司今年每股發放股利3元，在股利零成長的假設下，已知投資人的必要報酬率為6%，則每股普通股的預期價值為：,50元
會員制證券交易所董事、監事之任期規定為何？,均為3年，連選得連任
保護基金投資每家上市上櫃公司股票之原始投資不得超過：,一千股
下列何者為股份有限公司章程絕對必要記載事項？,董事及監察人之人數及任期
下列何者非為證券交易法所稱之有價證券?<,商業本票
甲公司董事長乙未經證券主管機關核准，亦未申報，即自行公開招募所發行之有價證券，請問，乙之行為應負何法律責任？,可處五年以下有期徒刑
依「公司法」規定，下列何者非股份有限公司的負責人？,公司股東
證券交易爭議當事人間對仲裁程序事項，下列敘述何者有誤？,當事人未約定仲裁地者，由法院決定
何者不是持有某公司債券的系統風險?<,發行公司的財務風險
初次申請股票上市之發行公司，所應提交集中保管股票之總計比率，在已發行股份總額三千萬股以下者，應提交股份總額百分之多少？,0.25
委託人申請開立信用帳戶訂定融資融券契約，除期滿辦理續約者外，應開立受託買賣帳戶滿幾個月才可申請開立信用帳戶？,3個月
以下哪些組合符合公開發行公司審計委員會行使職權辦法所設置之審計委員會?<,由分別具生醫、法律、會計專業背景全體獨立董事共4位組成之審計委員會
公開發行公司公司之董事、監察人、經理人，其股票之轉讓，應依一定方式進行，下列方式，何者正確？,於向主管機關申報之日起三日內，向符合主管機關所定條件之特定人為之
櫃檯買賣股票之報價單位與成交單位分別為幾股：,"1股；1,000股"
委託人融資期限屆滿未清償，經證券商處分擔保品後，自逾期之日起，至清償日止，按核定利率之多少比率加收融資違約金？,0.1
證券商以現金繳存給付結算基金者，其所生孳息，證券櫃買中心係依下列何種方式處理？,每半年結算乙次，於扣除其稅捐及所需費用後發還
權證距到期日幾個交易日以內，流動量提供者提供報價，得僅申報買進?<,15個
下列何種資產減損損失不得迴轉？,商譽
"新馬公司開出60天期票據，向銀行借入現金$100,000，則：",營運資金不變
證券經紀商接受客戶委託進行櫃檯有價證券之買賣時，證券櫃檯買賣中心對於委託單有何限制？,每筆輸入股數不可超過50萬股
仲裁事件依法於仲裁判斷前得為和解，若當事人間和解成立者，由何者作成和解書？,仲裁人
防制內線交易之目的「不」包括？,防範公司資產遭掏空
一般而言，景氣由谷底復甦時，舉債程度較高的公司股票：,價格漲幅較大
金管會發布之「上市櫃公司永續發展路徑圖」，目的在推動上市櫃公司?,進行碳盤查及查證
除有特別規定外，證券商所持有之營業用不動產及設備總額，及非營業用不動產總額合計不得超過其資產總額之多少比例？,0.6
證券商之董事、監察人及經理人發生不得擔任董事、監察人與經理人之消極資格情事時：,該券商應於知悉或事實發生之日起5個營業日內申報
「證券交易法施行細則」係由下列何機關所訂定？,金融監督管理委員會
本國發行人要申請為興櫃股票，不須達成下列何項條件？,有3家證券商書面推薦
證券商如發現疑似洗錢或資恐交易者，應於專責主管核定後立即向那個單位申報?,法務部調查局
辦理法人說明會效益可為上市公司帶來那些效益?,其他3個選項皆是
證券商辦理有價證券買賣融資融券，對每種證券之融資總金額，不得超過其淨值的多少比例？,0.1
證券投資人如遭遇投資民事糾紛，可向證券投資人與期貨交易人保護中心所設立之調處委員會申請調處，委員會應於受理申請幾日內進行調處？,15日
「證券商營業處所買賣有價證券管理辦法」第二條對櫃檯買賣的定義是：,不在集中交易市場以競價買賣，而在證券商專設櫃檯交易
證券主管機關於何種情形之下，得命令證券商提出財務或業務之報告資料，或檢查其營業、財產、帳簿等物件？,其他3個選項皆可
就技術分析而言，支撐水準（Support Level）的位置，通常表示：,買氣大於賣壓
上市公司董事參加董事會知悉重大利多消息，在此消息正式對外公開幾小時之後始能買賣該公司股票？,18小時
證券商製播廣告，應由證券商業同業公會訂定辦法，並：,不得誇大或偏頗
有關短線交易利益歸入權，下列敘述何者正確？,董事或監察人不行使請求權，致公司受有損害時，對公司負連帶賠償之責
甲公司之股票雖在證券櫃買中心掛牌，但是嗣後公告並申報之最近期財務報告顯示淨值為負數，證券櫃買中心應如何處理？,得終止甲公司有價證券櫃檯買賣，並報請主管機關備查
會員制證券交易所，經主管機關許可並依法辦理登記後，應向國庫繳存營業保證金，其金額為下列何者﹖,會員出資總額百分之五
台積電普通股股票除可以本國編碼2330表達外，亦可以其他國際通行的編碼方式表達。若將台積電普通股表達為「TW0002330008」，請問是根據以下何種編碼方式進行表達?,ISIN (International Securities Identification Number)
重整監督人應決定之事項下列何者為非？,重整期間界定
下列何者人員得擔任防制洗錢專責主管？,法令遵循主管
以下有關「共同責任制交割結算基金」敘述，何者為非？,本基金由所有上市櫃公司繳存
資本額達新臺幣100億元以上之上市上櫃公司（含合併財務報告子公司），最晚須在何時揭露溫室氣體盤查之減碳目標？,2025年
各種得為融資之股票，證券金融公司均於除權交易日前幾個營業日起，按每天收盤價格扣除其權值，如整戶維持率不足，即辦理追繳差額？,六個營業日
彰化公司未調整應收票據所產生之應收利息，將：,低估利息收入
依「公司法」第167條第2項規定，收回或收買之股份，公司應於幾個月內按市價出售，逾期未出售者，視為公司未發行股份並變更登記？,6個月
經評估客戶單日買賣額度達新台幣多少金額以上者，其徵信資料應視客戶資產狀況隨時調查更新？,500萬元
有關ETN交易限制事項，下列何者為非？,不得零股交易
某手機大廠推出新產品有重大瑕疵，影響該公司股價下跌，請問這屬於何種風險？,事業風險
下列何者為約當現金：,三個月期定期存款
將一項利息收入誤列為營業收入，將使當期淨利：,不變
結構化與非結構化資料分析與處理屬於下列哪一項金融科技與證券業的未來發展？,數據分析
證券商向違約投資人收取違約金，下列何者正確?,當沖交易得以買賣沖銷後差價金額為收取違約金上限
已依證交法發行之公司，其募集與發行公司債之規定，何者敘述為非？,僅能發行有擔保公司債、轉換公司債或附認股權公司債
審查發行人所申報之財務報告資料時，發現不符合法令規定，得以命令糾正、限期改善並處罰該發行人之機關為：,金管會
證券暨期貨市場各服務事業應針對不同規模設置資訊安全專責單位及主管，其資本額達多少以上者應設資安專責單位，該單位應配置專責主管及至少三名專責人員?,200億以上
「證券交易法」所訂公開說明書之編製義務人為何？,發行人
證券仲裁事件，爭議當事人間對仲裁人不能依協議推定另一仲裁人時，應由何一方式決定？,由仲裁協會指定
上市有價證券私人間之直接讓受，其數量不得超過該證券之多少個成交單位？,1個
"三民公司購買設備，成本1,000,000，估計可用10年，殘值50,000。若採用雙倍餘額遞減法（Double Declining Balance）提列折舊，則使用第2年之折舊費用若干？",160000
下列有關櫃檯買賣交易原則之敘述，何者有誤？,櫃檯買賣證券商以等殖成交系統為櫃檯買賣時，其申報買賣數量須一次成交，不得部分成交
證券商交割專戶設置客戶分戶帳相關之報表、憑證及文件應至少保存多久?,五年
下列有關資本結構比率之公式，何者正確？,負債比率＝負債總額／資產總額
"甲公司X7年1月1日帳列長期投資－乙公司已上市普通股50%股權(取得成本與股權淨值間無差異)，X7年乙公司淨利為200,000，甲公司並獲配其發放現金股利20,000，則甲公司該年度可認列投資收益：",100000
不動產、廠房及設備不以淨變現價值為評價依據，係基於：,繼續經營之假設
下列何者非信用交易之功能?,鼓勵投機獲利
下降楔形（Falling Wedge）通常被視為連續型態（Continuation Pattern），但有時也可能成為：,底部反轉型態
發行人要將其股票在交易所掛牌買賣，交易所因提供場所，每年依據發行有價證券之總面值，向發行人收取之費用稱為?,上市費
下列何者並非在臺灣證券交易所(集中交易市場)上市買賣的有價證券？,股票選擇權
下列何者為金管會推動金融科技的目標？,其他3個選項皆是
甲上市公司8月份的營收為6億元。依證券交易法之規定，該公司8月份月營收報表最晚應在何時以前申報？,2025-09-10 00:00:00
標借證券之最高標借單價，以融券差額發生日該種證券收盤價格多少為限？,0.07
公司制證券交易所之最低實收資本額為：,新臺幣5億元
下列何者非公司重整時，關係人會議之任務？,選派重整人
下列何者非屬「上市上櫃公司永續報告書確信機構管理要點」中永續指標或溫室氣體之確信標準?,TWSAE3401A
下列何者是測驗一企業短期償債能力之最佳比率？,速動比率
所謂總體經濟分析，不包括下列哪項？,公司接單情形
某證券商淨值為一億元，自辦融資融券對某一證券融資總金額不得超過多少？,一千萬元
下列有幾項財務分析有助於評估企業的資產結構？　甲、負債對權益比率；乙、總資產報酬率；丙、不動產、廠房及設備對權益比率；丁、利息保障倍數,1項
關於逐筆交易實施後，新增的委託種類，下列何者有誤？,委託價格及種類上，增加「全權委託」
證券商從事櫃檯買賣業務，下列何者非必要條件？,增加二千萬元之提撥資本
轉換公司債持有人請求轉換，公司或其代理人於受理轉換之請求後，應於幾個營業日內發給債券換股權利證書？,5個營業日
下列哪些措施無法強化資訊揭露，提升上市公司的資訊透明度？,避免召開法說會
下列何者不是比較財務報表分析的限制？,前後兩期更換管理階層
市場投資組合的預期報酬率為18%，無風險利率為4%，則風險溢酬為：,0.14
申請股票上櫃公司須指定幾家主辦推薦證券商，方得申請其股票登錄為櫃檯買賣？,二家
在其他條件相同之下，一年發放一次孳息的甲債券與半年發放一次孳息的乙債券，何者面臨之風險較大？,甲
有價證券在集中市場之買賣，原則採下列何者交割方式﹖,現款現貨
下列何者非財務報告分析時之限制？,無法做量化的分析
現行我國公司發給之員工紅利於財務報表中係列為：,營業成本或費用
可贖回公司債之贖回權利是操之於：,發行公司
甲為Z上市公司董事長，其於某年1月10日以每股10元買進Z公司股票一萬股，又於同年3月15日以每股18元賣出Z公司股票一萬股。甲之行為應負證券交易法上何種責任？,短線交易
下列何者為對公開發行公司無義務申報持股變動之人？,檢查人
初次申請股票上市之發行公司，其有價證券上市契約生效後，在下列何項期限內未完成公開銷售者，證券交易所得註銷該上市案：,三個月
公司召開實體股東會，並以視訊加以輔助，股東會議事手冊應納入哪項資訊？,其他3個選項皆是
下列關於公司治理評鑑結果公布之描述，何者「不」正確?,未有以產業及市值之分組方式公布
影響債券違約風險的描述，何者為真?,信用評等愈高，違約風險愈小
上市公司自願公開每月自結損益資訊者，應於當月結束後多久前申報?,次月底
對公開說明書之重要內容記載，能證明已經合理調查，並有正當理由確認其簽證或意見為真實者，而不負賠償責任者，係下列何人？,專門職業或技術人員
下列哪些規則或契約是證券交易所依法應訂立者？,其他3個選項皆是
下列何者非為買賣委託書上之委託方式?,電報委託
財務比率分析並未分析下列公司何項財務特質？,購買力風險
事業風險之於營運槓桿，如同財務風險之於：,財務槓桿
若一投資組合的貝它（β）係數小於0，則其與市場投資組合的相關係數為：,小於0
下列何種資產之流動性最低？,商譽
上市公司的年度財務報告應於每會計年度終了後多久期限內內公告申報?,3個月
哪些分析工具可從半強式效率市場中賺取超額的報酬？,內線消息
投資人開立買賣上市有價證券帳戶時，證券經紀商應依何種順序編列開戶帳號？,開戶順序
證券交易所有違反法令之行為時，主管機關得為解散證券交易所之處分，但應先報經何一機關核准？,行政院
不限用途款項借貸之融通期間屆期得展延2次，惟最初融通期間以多久為限?,6個月
「證券交易法」所稱發行人，指募集及發行有價證券之公司，或募集有價證券之何人？,發起人
何者是行情走疲的訊號？,M頭
公開發行公司編製財務預測所表達的項目，可以不包括下列那一項？,利息費用
證券交易法規定，涉及違反內線交易之罪者，可能應負：,其他3個選項皆有可能
以下有關附條件交易的敘述，何者「不正確」?,公司債附買回交易的利率會低於公債附賣回的利率
公開發行股票公司之內部人未依規定於每月五日向所屬公開發行公司申報上個月份持股變動情形者，主管機關可處？,新臺幣二十四萬元以上，四百八十萬元以下罰鍰
下列何者非為iXBRL之申報內容範圍？,會計師工作底稿
上市公司訂定「印鑑使用之管理」之內部控制制度，下列敘述何者為是？,其他3個選項皆是
買賣股票不可透過哪種方式委託下單買賣股票？,通訊軟體(例如Line)
證券承銷商於承銷期間為自己取得代銷之上市股票者，其法定最高罰鍰，為下列何項？,相當於取得有價證券之金額
"鎮安公司X2年度其銷貨收入90,000元，銷貨成本為60,000元，則鎮安公司的銷貨毛利率為何？",0.33
公司月營收應於次月幾日前公告並申報?,10日
透過櫃買中心「黃金現貨交易平台」買賣黃金現貨漲跌幅度的限制為：,沒有漲跌幅的限制
申請以科技事業上市之發行公司，其實收資本額至少應達新臺幣多少以上？,三億元
阿呆看到報紙報導某國外知名科技公司外國公司想要來台發行股票，請問如果要以科技事業申請來臺第一上市，則下列選項何者為非?,有3年以上業務紀錄
下列何者不屬於短期償債能力的指標？,負債比率
資本資產訂價模型（CAPM）認為貝它（β）係數為1之證券的預期報酬率應為：,市場報酬率
公開發行公司發放股票股利，原則上應事前經下列何者之同意通過？,股東會之特別決議
依據證券交易法規定，證券承銷方式不包含下列哪一種型態？,居間銷售
自然人在盤中零股交易之下單方式為何?,僅限電子式下單
逐筆交易後，只有以下何種委託方式，可能會觸發瞬間價格穩定措施？,限價ROD
下列有關總資產報酬率之敘述，何者不正確？,分子為淨利加利息費用
外國證券商在中華民國設置分支機構，依規定不須具備之條件為：,在東京、倫敦、紐約任一交易所是會員
櫃檯買賣股票之發行人應於每月幾日以前，於證券櫃買中心指定之網際網路資訊申報系統申報上月份營運情形？,10日
為何ETF的管理費較一般共同基金低廉？,因為ETF根據指數成分股建構投資組合，不需支付個股研究分析費用
股份有限公司業務之執行，由何機關決定之？,董事會
發行人募集與發行有價證券，自申報生效通知到達之日起，逾一定時日尚未募足並收足現金款項者，金融監督管理委員會得撤銷或廢止其申報生效。其一定時日是指：,三個月
興櫃一般板股票交易漲跌幅度的限制為：,沒有漲跌幅的限制
下列何者非證券交易所對違反證券交易所相關業務規則者之經紀商所為之處分？,廢止證券商登記
股份有限公司發行新股時，除有特別規定者外，應保留原發行新股總額百分之多少股份由公司員工承購？,百分之十至百分之十五
證券金融公司應向委託人收取融資利息依下列哪一種方式計收？,融資成交日後第二營業日迄清償日前一日之日數計算
下列簡稱何者非為創新板上市公司？,創創
我國全體上市櫃公司（含合併財務報告子公司）最晚須在何時揭露溫室氣體盤查之減碳目標？,2027年
證券經紀商對客戶折讓之手續費，應如何給付？,撥入至原交割帳戶
下列敘述何者最能解釋資本市場線（CML）？,資本市場線是效率投資組合的訂價模式
潮州公司的股價為40元，每股股利為4元，則其股利收益率為：,0.1
股份有限公司之少數股東在具備以下何項資格時，得以書面記明提議事項及理由，請求董事會召集股東臨時會?,繼續一年以上，持有已發行股份總數3%以上股份
依公司法規定，股份有限公司之股東得自行召集股東臨時會之條件為何？,繼續持有三個月以上，持有已發行股數總數過50%
關於「券商對媒體轉載之說明」，不需包含下列何者事項?,如媒體非經同意而引述，券商所採取之行動
假設目前甲公司的淨值為900萬元，流通在外股數為100萬股，若所屬產業的合理市價淨值比為11倍，則其合理股價應為：,99元
當事人之一方已選定仲裁人之後，得以書面方式催告另一方於多久內選定仲裁人？,14日
公司決定提高股利支付率，將使未來年度本益比：,無法判斷
「證券交易法」第一百五十七條之一所定內部人交易之民事賠償責任，其賠償對象為下列何者？,當日就該股票善意從事相反買賣之人
下列何者非證券自營商於營業處所議價買賣股票之範圍？,零股買賣
公司召開股東會時，股東行使其表決權，下列敘述何者為非？,得以公告方式行使其表決權
股票發行之溢價應列入：,資本公積
委託人未依規定交付融資自備款或融券保證金者，證券商之下列處理方式何者正確？,代辦交割手續
證券商代理證券金融公司辦理融資融券買賣業務，應編製何種報表與證券金融公司辦理對帳？,證券金融事業融資融券申請表
投資人對於媒體轉載證券商研究報告，何者錯誤?,媒體轉載個股價格，可直接參考，無須注意分析內容
逐筆交易實施後，何種委託種類會觸發並進入價格穩定措施？,一般限價委託
上市公司應設置薪資報酬委員會，有關薪資報酬委員會成員應取得之專業資格條件不包含？,AI
根據資本資產訂價模型（CAPM），抗跌性強的股票其系統性風險指標可能為：,β＜1
證券商得為認購（售）權證發行人資格條件為：,經營自營、承銷及經紀業務之綜合證券商
下列何者非「證券交易法」規範事項？,公司之設立登記與組織
經中央目的事業主管機關出具其係屬科技事業或文化創意事業且其產品開發成功具有市場性之明確意見書之公司，申請上櫃時得不受哪一申請條件限制？,設立滿二個完整會計年度
下列何種人員不得進入集中交易市場？,證券商業同業公會派駐人員
下列何種科目不在資產負債表中？,所得稅費用
何者不屬於市場風險？,某公司被同業併購
公開發行股票公司之何種人員轉讓股票，應按「證券交易法」之特別規定為之？,持股超過公司股份總額百分之十之股東
不動產抵押債權證券屬於：,金融資產
股票已上市公司，再發行新股者，其新股股票於何時起上市買賣？,新股股票向股東交付之日
有關董事會評鑑之評估方式有哪些？,其他3個選項皆是
股票已在經核定之國外證券市場掛牌交易，且經財團法人中華民國證券櫃檯買賣中心同意上櫃買賣者稱之為？,第二上櫃公司
於櫃檯買賣之公司債之最低成交單位為面額：,一萬元
證券商欲經營外國債券之經紀或自營買賣業務，須先取得哪一機關許可?,中央銀行
下列何者為窗飾之作法？,其他3個選項皆是
法定盈餘公積之性質屬於：,保留盈餘之一部分
轉換公司債每一交易單位之面額為多少？,新臺幣十萬元
下列何者在計算時，會將有關的資產轉換成現金所需時間的長短列入考量？,流動性指數
何者金融創新應用可以快速回應事件的發生？,市場供應
下列何者須於送件7個營業日前委託股務代理機構，透過網際網路資訊申報系統向集保公司申請專業股務代理機構證明文件？,其他3個選項皆是
申請創新板上市時，何者非為強制集保之對象？,財務長
臺灣證券交易所對在計算發布處置基數期間，未曾依監視當沖標準公布注意交易資訊之有價證券，處置措施的期間為何？,10個營業日
證券商交割專戶設置客戶分戶帳應逐日編製日報表，並於每日何時傳送前日日報表資料予證券交易所，再由證券交易所轉傳集保結算所提供客戶查詢?,10:00:00
有關國內採用IFRSs預計產生之效益，下列何者錯誤？,財務報表的揭露規定較為簡化，可大幅減少成本
有一投資組合由甲、乙兩股票組成，請問在什麼情況之下，投資組合報酬率之標準差為甲、乙兩股票個別標準差之加權平均？,兩股票報酬率相關係數＝1
下列何者非證券集中保管事業之經營業務？,代辦證券商之融資融券事項
假設履約價格為八十元，標的股票價格為七十元，則該認購權證處於：,價外（Out-of-the-money）
應付員工之退休金負債，應如何計提？,按權責基礎
當投資人的風險態度轉趨保守時，證券市場線（SML）將會：,斜率變陡
對於上市之有價證券，意圖影響集中交易市場有價證券交易價格，而散布流言或不實資料者，最高可處幾年有期徒刑？,10年
以下有關買賣委託之敘述，何者錯誤?,限價買進時，不得在限價以下成交
某證券商流動資產為二十億元，則其流動負債不得超過多少元？,20億元
下列敘述何者正確？,資訊資產應列有清冊，清冊並應加以維護
開立受託買賣帳戶滿幾個月才可申請開立信用帳戶？,三個月
一般而言，若公司未來成長機會的價值已被反映到當期股價上，則購買何種股票的投資人將無法賺到超額報酬？甲.負成長公司；乙.零成長公司；丙.正成長公司,甲、乙、丙
從事房地產銷售之A上市公司（下稱A公司）擬辦理私募普通股，甲、乙、丙、丁皆為合格應募人。依我國現行證券法令及相關實務見解，A公司對何人於私募完成前負有提供與本次私募有關財務、業務或其他資訊之義務。？,淨資產超過新臺幣1千萬元、以股市、房地產投資為專業之自然人丙
哪一個機構是資本市場促進資本形成之主要成員？,證券商
申請創新板上市應先由主辦證券承銷商上市輔導或登錄為興櫃股票櫃檯買賣，期限規定為何？,6個月
下列何者非景氣同時指標（Coincident indicator）？,股價指數
根據馬凱爾五大定理，一債券到期殖利率上升一碼與下降一碼所產生之折價額與溢價額比較為何?,折價額小於溢價額
下列何者非為買賣委託書上之委託方式?,網際網路委託
某上市公司正依破產保護法之規定進行相關程序，公司董事實際知悉後，在消息發布前即賣出該公司股票，可能涉有？,內線交易
"甲公司應收帳款週轉率13，當年度平均應收帳款$50,000，平均不動產、廠房及設備餘額$500,000，則不動產、廠房及設備週轉率為：",1.3
證券商之董事、監察人、大股東及從業人員買賣上櫃股票應如何辦理？,應於本身所投資或服務證券商買賣
櫃檯買賣市場上受託買賣之手續費率係?,由證券櫃買中心報請金管會核定之
失業率是景氣循環的：,落後指標
下列有關「公司法」所稱「關係企業」之敘述何者正確？,關係企業包括控制與從屬公司以及相互投資公司
經評估客戶單日買賣額度在多少金額以上者，其徵信資料應視客戶資產狀況隨時調查更新？,500萬元
因融券而標借、標購所產生之費用，由何人負擔？,融券人
從短期債權人的角度來看，下列何者最沒有意義？,應收帳款週轉率
推薦證券商自其所推薦之股票開始在櫃檯買賣之日起多久期限內，不得辭任？,一年
下列何者之交易方式不屬於與推薦證券商或造市商議價交易？,上櫃股票
武塔公司本年度存貨週轉率比上期增加許多，可能的原因為：,其他3個選項都是可能的原因
證券商經營櫃檯買賣，應遵守下列哪一事項？,兼具證券自營商及證券經紀商者，應於每次買賣時之書面文件，區別其為自行或代客買賣
臺灣創新板漲跌幅限制為：,0.1
下列股東會實務，何者並「不」符合公司治理原則？,阻止小股東發言
證券商辦理有價證券買賣融資融券，對所留存客戶融券賣出價款及融券保證金，不得作下列哪項運用？,有價證券之自營買賣
"三民公司購買設備，成本$1,000,000，估計可用10年，殘值$50,000。若採用雙倍餘額遞減法（Double Declining Balance）提列折舊，則使用第2年之折舊費用若干？",160000
證券集中交易市場買賣成交之有價證券，其集中交割之收付作業係由交易所委託下列何機構辦理？,證券集中保管事業
當市場報酬率變動4%時，若甲股票報酬率也隨之變動6%，請問甲股票的貝它係數為何？,1.5
根據資本資產訂價模型（CAPM），若一證券之期望報酬率低於無風險利率，則：,貝它係數為負
合約負債中，滿足履約義務的部分應轉入下列那一個帳戶？,收入
依「公司法」規定，解散之公司，在清算時期中，得於何種目的範圍，暫時經營業務？,得為了結現務及便利清算之目的，暫時經營業務
衡量一個企業來自營業活動現金流量是否足以支應資本支出，存貨淨增加數及現金股利需求的比率稱為：,現金流量允當比率
下列交易行為何者為證券商或其分支機構所禁止？,其他3個選項皆是
生物辨識技術目前廣為金融或科技業者使用，下列何者不是目前常用的生物特徵？,DNA
證券商得經客戶指示，以證券商交割專戶辦理下列何種業務款項之收付?,其他3個選項皆是
投資人首次買賣下列ETF前，那個不須先簽署風險預告書？,全球5G股票ETF
自113年第幾季起，發送通過財務報表的董事會召集通知應發布重訊?,第1季
竹田公司的淨利率為0.02，權益報酬率為10%，平均資產總額／平均權益比為2，則其總資產週轉率為：,2.5
雲林公司出售以持有供交易為目的之投資所產生之現金流量，屬於：,營業活動
以下何種投資人可以使用綜合交易帳戶進行買賣？,其他3個選項皆是
臺灣證券交易所臉書按讚總數大約多少?,多於3萬
依資本市場之效率性可將市場分為：,強式效率市場、半強式效率市場與弱式效率市場
「證券交易法施行細則」係由下列何機關所訂定？,行政院
證券交易所有違反法令之行為時，主管機關得為停止或禁止證券交易所全部或一部業務之處分，停止之期間依法為多長？,6個月
證券金融公司發生券源不足時所採行辦法之順序，是先公開標借，若不足時再洽特定人議價，仍不足時，最後才採行：,標購
下列何者為臺灣證券交易所「投資人知識網」的內容?,其他3個選項皆是
投資人需年滿幾歲才可開立信用帳戶？,18歲
下列哪一個官網的資訊宜涵蓋至永續資訊之管理的內部控制?,ESG專區
一般而言，股價波動性對理性投資人的意涵在於：,可以賺取價差
依「證券交易法」第一百五十七條之一利用內線消息買賣之民事責任的賠償額是？,消息未公開或公開後18小時內，其買（賣）價與公開後10個營業日收盤平均價之差額
證券商辦理委託人融資買進與融券賣出沖抵之交易，下列敘述何者錯誤？,資券相抵不必列入當日其融資融券限額內計算
下列關於「證券承銷」之敘述何者正確？,可有「包銷」或「代銷」兩種方式
何者為「證券分析」的目的？,尋找某些價格被高估或低估的資產
有關我國櫃檯買賣市場現行交易方式，下列何者正確？,採等殖成交系統交易債券
依「財團法人中華民國證券櫃檯買賣中心有價證券借貸辦法」規定，有價證券之出借費率，不超過該種有價證券等價成交系統最後一筆成交價格多少為限?,0.07
櫃檯買賣證券商應於開業前幾個營業日向證券櫃買中心申報？,五個
有價證券借貸之議借交易，其升降單位為：,0.1‰
"小王將1,000元存入銀行，若年利率為0.6%，每年付息一次，則2年後會變為：","1,012元"
已依證交法發行之公司得於一定條件下對特定人招募有價證券，稱之為何種行為？,私募
新藥研發公司申請創新板上市，其核心產品應通過哪一階段的臨床試驗？,第二階段
下列有關股份有限公司組織的敘述何者不正確？,一般而言，公司的所有權很難移轉給他人
下列有關證券商受託買賣外國有價證券應提供投資人資料之敘述，何者錯誤?,證券商得以資料或研究報告非本公司所核准發行為由，主張免除其責任
下列何者為金融科技相關的風險與監理之面向？,其他3個選項皆是
自112年7月31日起，期貨ETF之最近十個營業日，平均單位淨資產價值較其最初單位淨資產價值累積跌幅達多少比例以上時，投資人僅得賣出不得買進？,0.85
依發行人募集與發行有價證券處理準則之規定，發行人自金管會及金管會指定之機構收到申報書件即日起至申報生效前，除依法令發布之資訊外，下列何項敘述為不正確？,可先向投資人推薦股票
股票承銷公開抽籤之電腦作業，由哪一機構負責？,臺灣證券交易所
公司對員工依「公司法」規定優先認購之股份，得限制不得轉讓之期限最長為：,2年
甲公司的本益比為12倍，權益報酬率為13%（假設期初權益帳面金額等於期末權益帳面金額），則市價淨值比為何？,1.56
依我國證券交易法規定選任獨立董事公開發行股份有限公司，有重大之資產或衍生性商品交易事項於提董事會討論時，如獨立董事有反對意見或保留意見，請問應如何處理？,應於董事會議事錄記載
下列何種標的不可進行定期定額投資?,其他3個選項皆是
證券商受託買賣何種有價證券，應向非專業投資之客戶交付「風險預告書」？,外國有價證券
下列何者為臺灣證券交易所「宅在家學習網」所提供的內容包括有?,其他3個選項皆是
有價證券借貸之交易型態不包括下列何者?,等價交易
下列何者不符合證券商僱用業務人員應具備之條件？,曾犯詐欺罪，受有期徒刑宣告，但已執行完畢滿一年者
何者不屬於道氏理論中之波動？,移動平均波動
不動產、廠房及設備之取得成本應包括購價，並：,扣除現金折扣
除經主管機關核准者外，公開發行公司應於會計年度第二季終了後幾日內，公告並申報由董事長、經理人及會計主管簽名或蓋章，並經會計師核閱及提報董事會之財務報告？,45日
在大陸地區設立登記的公司是否可以直接申請來臺第一上市?,不可以；宜透過其海外控股公司為上市主體申請來臺上市
證券承銷商代銷有價證券，於承銷契約所訂之承銷期間屆滿後，對於約定代銷之有價證券，未能全數銷售者，其剩餘數額之有價證券如何處理？,得退還發行人
現金流量比率等於：,營業活動淨現金流量／流動負債
下列有關證券爭議之仲裁判斷效力之敘述何者正確？,與法院之確定判決，有同一效力
某股市作手與財經節目分析師共謀，於節目中散布特定個股之不實消息意圖影響市場，可能涉及何種違法行為？,操縱股價。
外國企業公司欲申請來臺灣第一上市，需於上市時向臺灣證券交易所繳納多少上市審查費?,50萬元
對有價證券之行情與認募重要事項為虛偽之記載而散布於眾者，最重可處多少年以下之有期徒刑？,7年
關於發行申報、公告之財務報告內容有虛偽或隱匿情事時之民事賠償責任，其賠償對象為下列何者？,限於因而受有損害之善意取得人、出賣人或持有人
待分配股票股利在資產負債表上，應列於：,權益
公司之股東名簿，自然人應使用國民身分證記載之姓名為戶名，對於同一股東之戶號：,僅能開列一個戶號
依「證券交易法」所定刑事責任，有期徒刑最重為幾年？,10年
下列何項不屬於財務報表的「要素」（Element）？,來自營業活動的現金流量
上市或上櫃公司應於每月十日申報並公告之上月份營運情形，不包括下列何者？,資產淨額
ETF架構為開放型基金，是否會跟一般基金一樣，調整投資組合內容？,會，隨著其標的指數成分股的調整而調整
未完成反向買進之當日沖銷交易部位，投資人透過應付當日沖銷券差平台借入證券之借券每日費率最高為何?,0.07
假設台積電今天收盤股價為320元，請問下一個營業日漲停板價格為何？,352元
請問證券商申報投資人違約相關資訊，可以在以下哪個網站找到？,證交所官網-違約公告專區
編製合併報表時，母公司持有子公司發行之特別股視為：,收回特別股
上市公司有何種情事，證交所應依「證券交易法」停止該公司上市之有價證券買賣，並報請主管機關備查？,其他3個選項皆是
流動資產增加，公司企業血壓：,有可能上升或不變
在股利折現模型（Dividend Discount Model）裡，下列何者不會影響折現率？,資產報酬率
投資ETN的風險為何？,其他3個選項皆是
下列選項為以文化創意事業身分申請股票上市之發行公司資料，請問哪一項不符合申請條件？,申請上市時之實收資本額為新台幣兩億元
創新板股票上市首五日的漲跌幅限制為何？,無漲跌幅
依現行「證券交易法」規定，公開發行公司設置審計委員會者，未經審計委員會通過之事項，何者不得由全體董事以三分之二以上同意取而代之？,年度財務報告及須經會計師查核簽證之第二季財務報告
鉅額交易最低數額標準?,其他3個選項皆是
相同經濟事實的兩公司同一年的折舊方式皆採用年數合計法，係強化哪項品質特性？,可比性
有關借入有價證券的運用，下列哪一個正確？,有用途上之限制
下列有關我國資產重估規定之敘述，何者正確？,符合條件者不一定須辦理重估
有價證券得為融資融券標準係由下列哪一機構訂定發布？,金融監督管理委員會
臺幣對美元貶值所造成的影響，以下何者不正確？,貨幣供給增加
「證券交易法」所謂發行，係指發行人於募集後，依法定方式所為之何種行為？,製作並交付有價證券
頂埔公司以其全部應收帳款為質押向銀行融資借款，此事件對該公司的影響為：,速動資產增加
關於證券商辦理內部稽核業務之人員，下列何項敘述錯誤？,證券商應於異動後5日內，向臺灣證券交易所等申報登記
公司在預定買回期間，執行買回本公司股份所預定之最高及最低之買回價格，稱為：,買回區間價格
上市公司的客戶，因為職務之便實際知悉公司即將調降財測，而在市場周知之前賣出股票，如此可能構成以下何種行為？,內線交易
依「櫃買中心外幣計價國際債券管理規則」，下列哪種外幣計價之證券為國際債券?,其他3個選項皆是
買賣臺灣存託憑證之證券交易稅率為：,1‰
公司宣布並發放股票股利：,權益比率不變
下列有關保留盈餘指撥之敘述，何者正確？,保留盈餘的指撥，將使權益總額不變
下列何者不具有交割結算基金優先受償之權利？,證券金融公司
企業進行轉投資，執行購入長期股票的控股策略，請問就現金流量表之分析，這項交易應屬下列何種活動？,投資活動
下列何者非證券集中交易市場之結算標的？,台股期貨
安全邊際係指：,銷貨收入－損益兩平銷貨收入
融券之證券，每一交易單位之市場價格，超過規定融券限額時，委託人信用帳戶內如無融券餘額，得融券幾個交易單位？,一交易單位
「公司法」規定，以募集設立方式公開招募股份時，發起人所認股份不得少於第一次發行股份之若干？,四分之一
證券集中交易市場上市之有價證券，何者得為帳簿劃撥？,其他3個選項皆是
老王過去使用濾嘴法則進行投資決策，常使他賺取豐厚的利潤，其所處市場應屬哪一效率市場假說？,其他3個選項皆非
證券商出借有價證券予客戶，應與客戶議定出借費率，此費率上限何者正確？,年利率16％
下列那些科目屬於「非」常續性？　甲、營業收入；乙、停業單位損益；丙、會計政策變動追溯適用影響數；丁、營業費用,僅乙、丙
已設置審計委員會之公開發行公司，依法應經審計委員會決議之特定事項，應得全體委員多少比例之同意？,二分之一
以下哪些屬於自願設置之功能性委員會?,其他3個選項皆是
證券商辦理融資融券時，對客戶所留存融券賣出之價款或融券保證金，依法不得作下列何項之運用？,買賣公司債
下列有關永續報告書編製重點，何者正確？,避免過度艱澀的專有名詞
幾個常見的網路攻擊手法中，哪一個可以在沒有主機程序的情況下自我複製並傳播？,蠕蟲
股份有限公司依公司法規定申請停止公開發行時，應由代表已發行股份總數____以上之股東出席股東會，以出席股東表決權_____以上同意行之?(公司章程有較高規定從其規定),三分之二，二分之一
「證券交易法」對足以影響市場秩序行為之違約不履行交割的法定刑責為：,三年以上十年以下有期徒刑
股份有限公司發起人股份不得轉讓限制，於設立登記多久後才能解除？,無限制
金融控股公司發行普通公司債，並檢具對外公開發行公司債申報書與書件，向金融監督管理委員會提出申報，一般情形，金管會受理發行公司債申報書之日起幾個營業日即可申報生效？,10個
證券集中交易市場內有價證券之買賣分為哪三種？,普通交割之買賣、成交日交割之買賣、特約日交割之買賣
證券商委託人月成交金額達5千萬元以上者，除專業機構投資人與透過保管機構進行款券保管、交易確認及辦理交割者外，應抽查多少樣本數，並以掛號向委託人戶籍地詢證?,至少20%或20戶
基本分析所考量的因素，不包括：,成交量
證交所臉書的內容包括：,其他3個選項皆是
下列敘述何者錯誤？,有價證券之募集及發行，除政府債券或經主管機關核定之其他有價證券外，報請主管機關備查即可為之。
有關仲裁人之推定與選定，下列敘述何者有誤?,未約定仲裁人及選定方式者，應由兩造各推一仲裁人，共同仲裁
若參加證券櫃買中心債券等殖成交系統，應以哪種方式為之？,自營
利率上升所造成的影響，以下敘述何者不正確？,投資者的必要報酬率會下降
自113年11月11日起，下列何者其資格符合證券商辦理證券業務借貸款項，上市上櫃公司現金增資發行新股認股借貸的資金融通對象？,發行公司之原股東及員工
目前證券商營業處所受託買賣有價證券的交易手續費上限為多少？,1.5‰
證券交易所之設立，未於登記前先經主管機關之特許或許可，處多少罰金？,新臺幣一百八十萬元以下
證券交易所備供證券買賣一方不履行交付義務時之代為支付，而就其證券交易經手費提存之準備金稱之為：,賠償準備金
下列有關公司債之敘述何者「正確」?,可轉換公司債賦予投資人可轉換一定數量的普通股股數
上市公司於臺灣證券交易所終止上市時，可向櫃買中心申請股票為何種股票？,管理股票
假設其他條件不變，外幣存款的規模逐漸擴大，將會使何者貨幣供給增加？,M2
當公司有以下哪一情事時，即使符合基本資格，證券櫃買中心仍認為其不適宜上櫃買賣？,其他3個選項皆是
有關投資人買賣ETN之敘述，下列何者為非？,ETN於上市時即可信用交易
集中交易市場存託憑證每日之升降幅度為：,0.1
弱式效率市場表示無法以哪一項資料獲得超額報酬？,技術分析
有關公司治理主管之進修時數？,每年應至少進修18小時
在K線型態中，長紅之後收十字線的孕育十字線（Harami Cross）可視為：,頭部訊號
下列何者屬於無形資產？,商標權
何者「不是」影響資本市場線（CML）的斜率的因素？,投資組合報酬率標準差
普通股每股損失$2，分配20%股票股利將使每股損失：,減少
客戶何種委託買賣方式，證券經紀商不得受理？,其他3個選項皆不得受理
債券價格上漲的原因可能為：,市場資金大幅寬鬆
發行新股上市買賣之公司，應於新股上市後幾日內，將有關文件送達臺灣證券交易所？,10日內
現行股票「一般交易」的成交時間為何時？,09:00~13:30
融券人欲標的證券公司有下列哪種情況不用強制回補？,臨時股東會
私人間直接讓受上市有價證券，其數量不得超過一個成交單位，且前後兩次之讓受行為相隔不少於多少期間？,3個月
下列何者為被動式操作管理之基金?,其他3個選項皆是
雙溪公司的財務槓桿度為1.3倍，營運槓桿度為2.8倍，則公司綜合槓桿度為：,3.64
發行5年期，2年內可轉換為普通股之公司債，在資產負債表中應列為：,長期負債
證券商經營櫃檯買賣業務，依法應向證券櫃檯買賣中心繳存下列何項費用方得經營？,給付結算基金
在半強式效率市場中，股價會因為何種因素而超漲？,公司內部人的拉抬
殖利率小於票面利率的債券稱為：,溢價債券
下列何者非為「證券交易法」規定之證券業務種類？,有價證券之保管
若依我國企業實務慣用分類方式編製現金流量表，下列何者屬於因營業活動而產生之現金流量？,收到存貨保險賠償款
當股價持續上漲，而OBV線卻下滑時，代表：　甲.價量背離；乙.買進訊號；丙.價漲量增；丁.賣出訊號,甲、丁
對債權人而言，公司下列何項決策讓債權人認為相對有利？,發放股票股利
證券經紀商依規定預收客戶買進之價金時，應透過何者為之？,交割專戶
下列何種上市有價證券之交易可不在證券集中交易市場為之？,其他3個選項皆是
依「證券交易法」規定，從事內線交易者應負何種法律責任？,刑事責任及民事責任
下列何種人非「證券交易法」第一百五十七條之一禁止利用未公開重大影響股票價格之消息所列之「內部人」？,透過媒體報導知悉公司虧損遂賣出持股一萬股之股東
"某上市公司之股票發行量為1,000萬股，股價60元，本益比為15倍，該公司年度盈餘等於：","40,000,000元"
下列何者不是導致ETN終止上市的因素？,發行人拒絕投資人的申購申請
證券商會計主管之任免，應經何人同意？,董事會以董事過半數出席，及出席董事過半數同意之決議
下列哪個因素會使證券市場線（SML）的斜率變緩？,Rm變小
ETF可否進行零股交易？,可以
委託人委託證券經紀商買賣有價證券之委託方式為：,其他3個選項皆是
得為融資融券之受益憑證，有下列哪一種情形時，已融資融券者，應於終止上市前第一個營業日前償還或還券了結？,受益憑證經買回致其基金規模達終止上市標準時
證券集中交易市場上市證券拍賣程序，委託申請拍賣者，應由何者填具申請書向證交所辦理？,僅證券經紀商
股票未在國外證券市場掛牌交易，且其股票經臺灣證券交易所股份有限公司同意上市之外國發行人稱之為：,第一上市公司
投資資訊中心可以顯示多久的交易資訊,30個交易日
「證券交易法」所謂「利用他人名義持有股票」，有關具備之要件下列何者錯誤？,受贈他人所持有之股票
長期營業用資產須於何時作資產減損之測試？,客觀證據顯示資產價值有減損可能時
"甲公司所生產的礦泉水每瓶售價$35，其中變動成本佔60%，已知目前每年產量為40,000瓶，該公司剛好損益兩平，請問其固定成本約為多少？",400000
決定一財務報表資訊是否具有「重大性」的標準，通常是看該項資訊是否：,影響一般投資人的專業判斷
下列哪一項基金之風險最高？,產業型基金
下列何者非為動態分析？,流動比率分析
在計算現金再投資比率時，分母包括：　甲、不動產、廠房及設備總額；乙、長期投資；丙、現金股利；丁、營運資金,甲、乙、丁
證券經紀商受託買賣有價證券，關於電子式交易部分應依下列何項規定辦理？,其他3個選項皆是
以下哪一個會計科目，不應在綜合損益表之營業費用項中出現？,匯兌損失
已知曉臣公司股價每股56，每股股利2，每股帳面金額46，每股盈餘7，請問曉臣公司的本益比為？,8倍
「證券交易法」第一百五十七條之一「內線交易」構成要件，指該消息明確後，未公開前或公開後多少小時內，不得買入或賣出？,18小時
投資人在單一公司頁面，可找到哪些資訊,其他3個選項皆是
證券商須經主管機關之許可及發給許可證照，方得營業，非證券商不得經營證券業務，故證券商之設立採何種制度？,許可制
證券商業務人員類別及其職務之配合，下列敘述何者有誤？,業務員從事內部稽核或主辦會計職務
不限用途款項借貸之擔保品範圍下列何者錯誤?,外幣買賣之指數股票型基金受益憑證
有關開戶作業規定，何者有誤？,因證券交易違背契約紀錄已結案但未滿五年者，不可以開戶
下列何者屬於國庫券的特性？,到期憑票兌領本息
若一食品公司兼營營建開發業務，則欲瞭解其食品業存貨週轉情況之計算，以下列何者為佳？,（營業成本－營建銷貨成本）／（存貨－營建存貨）
下列何種事業非為集中保管劃撥作業之參加人？,散戶投資人
土地辦理重估後，其對財務報表影響之敘述，何者不正確？,折舊增加
關於ETF的敘述，下列何者為非？,投資人可透過證券商以定期定額方式投資所有類型ETF
依證券商設置標準許可之證券商，擬申請設置分支機構者，至少自開始營業後屆滿多久時間方可申請？,一年
依「證券交易法」規定，證券主管機關認為有必要時，得以命令規定公開發行公司於分派盈餘時，應另提一定比率之何種公積？,特別盈餘公積
股份有限公司之發起人最少應有人數若干？,二人
甲公司董事長乙未經證券主管機關核准，亦未申報，即自行公開招募所發行之有價證券，請問，乙之行為應負何法律責任？,可處二年以下有期徒刑
以下何者為參加創新板初上市申購抽籤或競價拍賣承銷作業投資人須具備合格投資人身份之具體條件?,其他3個選項皆是
集中市場有價證券之交易，連續幾個營業日經發布注意交易資訊者，證交所即發布為處置之有價證券？,5個
下列何者為「貨幣市場」的工具?,可轉讓定期存單
股份有限公司欲委任專業經理人，原則上需有董事會過半數出席及出席董事多少比例同意？,二分之一
存貨週轉率係測試存貨轉換為下列哪項科目的速度？,銷貨成本
基本分析中的由上而下（Top-Down）分析法認為影響股價最重要的因素是：,總體因素
下列何種承銷方式較具公平性及股權分散？,公開申購配售
其他條件相同時，當殖利率改變時，到期日較短之債券，其價格變動幅度會：,較小
下列何者「不」是企業永續經營的內涵理念?,只在乎短期利益最大化
證券商對於監理人員本於法令之指示，未切實遵行者，則依「證券交易法」可處以法定最高有期徒刑為何？,1年
"桃園公司X1年度純益640,000，其他有關資料如下：折舊170,000，應付租金減少數30,000，出售長期股權投資損失80,000，銀行借款$1,018,000。則由營業活動產生之現金淨流入為何？",860000
